Iteration,Average Value
0,91.83673469387757
1,75.67346938775519
2,75.67346938775519
