Iteration,Average Value
0,91.83673469387757
1,75.51020408163275
2,75.51020408163275
