Iteration,Average Value
0,22.222222222222186
1,16.338085351787775
2,13.43138792772012
3,12.123952326028459
4,11.637985390234535
5,11.368181468665908
6,11.312818146866602
7,11.278861976163025
8,11.272710495963102
9,11.269265667051146
10,11.268158400615158
11,11.268158400615158
