Iteration,Average Value
0,22.222222222222186
1,16.270911188004614
2,13.322875816993472
3,11.959953863898512
4,11.55432525951558
5,11.379992310649762
6,11.32155324875049
7,11.307650903498665
8,11.306297577854682
9,11.299900038446763
10,11.299653979238764
11,11.299653979238764
